Data,Classe,Magistrado,Processo,Chave
03/02/2026,Habeas Corpus Cível,AUREA MARIA BRASIL SANTOS PEREZ - 5ª CACIV - Assento 3,2004040-46.2026.8.13.0000,784009928126
03/02/2026,Habeas Corpus Cível,PEDRO ALEIXO NETO - 3ª CACIV - Assento 1,2004041-31.2026.8.13.0000,899051063026
04/02/2026,Habeas Corpus Cível,CARLOS HENRIQUE PERPETUO BRAGA - 19ª CACIV - Assento 5,2004075-06.2026.8.13.0000,570841995626
09/02/2026,Habeas Corpus Cível,WILSON DE ALMEIDA BENEVIDES - 7ª CACIV - Assento 5,2004120-10.2026.8.13.0000,913963376526
19/02/2026,Ação Civil Procedimento Ordinário (1ª Seção Cível),ROBERTO APOLINARIO DE CASTRO - 1ª Seção Civel - Assento 4,2004583-49.2026.8.13.0000,272658680226
19/02/2026,AÇÃO CIVIL PÚBLICA (1ª Seção Cível),LEOPOLDO MAMELUQUE - 1ª Seção Civel - Assento 6,2004584-34.2026.8.13.0000,122660009326
19/02/2026,Ação Rescisória (1ª Seção Cível),CARLOS AUGUSTO DE BARROS LEVENHAGEN - 1ª Seção Civel - Assento 5,2004585-19.2026.8.13.0000,657912694926
19/02/2026,Ação Civil Procedimento Ordinário (1ª Seção Cível),MARIA CRISTINA CUNHA CARVALHAIS - 1ª Seção Civel - Assento 2,2004587-86.2026.8.13.0000,283989727926
19/02/2026,AÇÃO CIVIL PÚBLICA (1ª Seção Cível),MARIA CRISTINA CUNHA CARVALHAIS - 1ª Seção Civel - Assento 2,2004588-71.2026.8.13.0000,668376784526
19/02/2026,Ação Rescisória (1ª Seção Cível),MAURICIO TORRES SOARES - 1ª Seção Civel - Assento 3,2004589-56.2026.8.13.0000,751331942126
19/02/2026,Ação Civil Procedimento Ordinário (1ª Seção Cível),LEOPOLDO MAMELUQUE - 1ª Seção Civel - Assento 6,2004590-41.2026.8.13.0000,927069029926
19/02/2026,AÇÃO CIVIL PÚBLICA (1ª Seção Cível),WILSON DE ALMEIDA BENEVIDES - 1ª Seção Civel - Assento 7,2004591-26.2026.8.13.0000,404217420726
19/02/2026,Ação Rescisória (1ª Seção Cível),WILSON DE ALMEIDA BENEVIDES - 1ª Seção Civel - Assento 7,2004592-11.2026.8.13.0000,257229002126
19/02/2026,Ação Civil Procedimento Ordinário (1ª Seção Cível),ROBERTO APOLINARIO DE CASTRO - 1ª Seção Civel - Assento 4,2004593-93.2026.8.13.0000,994821060626
19/02/2026,AÇÃO CIVIL PÚBLICA (1ª Seção Cível),CARLOS HENRIQUE PERPETUO BRAGA - 1ª Seção Civel - Assento 19,2004594-78.2026.8.13.0000,103042729826
19/02/2026,Ação Rescisória (1ª Seção Cível),CARLOS ROBERTO DE FARIA - 1ª Seção Civel - Assento 8,2004595-63.2026.8.13.0000,842342541626
19/02/2026,Ação Civil Procedimento Ordinário (1ª Seção Cível),MAURICIO TORRES SOARES - 1ª Seção Civel - Assento 3,2004596-48.2026.8.13.0000,897209875326
19/02/2026,AÇÃO CIVIL PÚBLICA (1ª Seção Cível),CARLOS HENRIQUE PERPETUO BRAGA - 1ª Seção Civel - Assento 19,2004597-33.2026.8.13.0000,770909853026
19/02/2026,Ação Rescisória (1ª Seção Cível),CARLOS ROBERTO DE FARIA - 1ª Seção Civel - Assento 8,2004598-18.2026.8.13.0000,531987837726
19/02/2026,Ação Civil Procedimento Ordinário (1ª Seção Cível),CARLOS ROBERTO DE FARIA - 1ª Seção Civel - Assento 8,2004599-03.2026.8.13.0000,855780042926
19/02/2026,AÇÃO CIVIL PÚBLICA (1ª Seção Cível),LEOPOLDO MAMELUQUE - 1ª Seção Civel - Assento 6,2004600-85.2026.8.13.0000,331554421326
19/02/2026,Ação Rescisória (1ª Seção Cível),JULIANA CAMPOS HORTA DE ANDRADE - 1ª Seção Civel - Assento 1,2004601-70.2026.8.13.0000,491555373826
19/02/2026,Ação Civil Procedimento Ordinário (1ª Seção Cível),LEOPOLDO MAMELUQUE - 1ª Seção Civel - Assento 6,2004602-55.2026.8.13.0000,375919833926
19/02/2026,AÇÃO CIVIL PÚBLICA (1ª Seção Cível),JULIANA CAMPOS HORTA DE ANDRADE - 1ª Seção Civel - Assento 1,2004603-40.2026.8.13.0000,554963966826
19/02/2026,Ação Rescisória (1ª Seção Cível),CARLOS AUGUSTO DE BARROS LEVENHAGEN - 1ª Seção Civel - Assento 5,2004604-25.2026.8.13.0000,436016070726
19/02/2026,Ação Civil Procedimento Ordinário (1ª Seção Cível),MARIA CRISTINA CUNHA CARVALHAIS - 1ª Seção Civel - Assento 2,2004605-10.2026.8.13.0000,571900506726
19/02/2026,AÇÃO CIVIL PÚBLICA (1ª Seção Cível),ROBERTO APOLINARIO DE CASTRO - 1ª Seção Civel - Assento 4,2004606-92.2026.8.13.0000,626891312726
19/02/2026,Ação Rescisória (1ª Seção Cível),JULIANA CAMPOS HORTA DE ANDRADE - 1ª Seção Civel - Assento 1,2004607-77.2026.8.13.0000,432885086826
19/02/2026,Ação Civil Procedimento Ordinário (1ª Seção Cível),WILSON DE ALMEIDA BENEVIDES - 1ª Seção Civel - Assento 7,2004608-62.2026.8.13.0000,999862303426
19/02/2026,AÇÃO CIVIL PÚBLICA (1ª Seção Cível),ROBERTO APOLINARIO DE CASTRO - 1ª Seção Civel - Assento 4,2004609-47.2026.8.13.0000,207432431926
19/02/2026,Ação Rescisória (1ª Seção Cível),ROBERTO APOLINARIO DE CASTRO - 1ª Seção Civel - Assento 4,2004610-32.2026.8.13.0000,767444730026
19/02/2026,Ação Civil Procedimento Ordinário (1ª Seção Cível),CARLOS HENRIQUE PERPETUO BRAGA - 1ª Seção Civel - Assento 19,2004611-17.2026.8.13.0000,300684924026
19/02/2026,AÇÃO CIVIL PÚBLICA (1ª Seção Cível),LEOPOLDO MAMELUQUE - 1ª Seção Civel - Assento 6,2004612-02.2026.8.13.0000,736375625726
19/02/2026,Ação Rescisória (1ª Seção Cível),LEOPOLDO MAMELUQUE - 1ª Seção Civel - Assento 6,2004613-84.2026.8.13.0000,829512027726
19/02/2026,Ação Civil Procedimento Ordinário (1ª Seção Cível),JULIANA CAMPOS HORTA DE ANDRADE - 1ª Seção Civel - Assento 1,2004614-69.2026.8.13.0000,396194831726
19/02/2026,AÇÃO CIVIL PÚBLICA (1ª Seção Cível),CARLOS AUGUSTO DE BARROS LEVENHAGEN - 1ª Seção Civel - Assento 5,2004615-54.2026.8.13.0000,283095503326
19/02/2026,Ação Rescisória (1ª Seção Cível),CARLOS ROBERTO DE FARIA - 1ª Seção Civel - Assento 8,2004616-39.2026.8.13.0000,864581186726
19/02/2026,Ação Civil Procedimento Ordinário (1ª Seção Cível),CARLOS ROBERTO DE FARIA - 1ª Seção Civel - Assento 8,2004617-24.2026.8.13.0000,607434676226
19/02/2026,AÇÃO CIVIL PÚBLICA (1ª Seção Cível),WILSON DE ALMEIDA BENEVIDES - 1ª Seção Civel - Assento 7,2004618-09.2026.8.13.0000,587690566426
19/02/2026,Ação Rescisória (1ª Seção Cível),MAURICIO TORRES SOARES - 1ª Seção Civel - Assento 3,2004619-91.2026.8.13.0000,181703643126
19/02/2026,Ação Civil Procedimento Ordinário (1ª Seção Cível),MAURICIO TORRES SOARES - 1ª Seção Civel - Assento 3,2004621-61.2026.8.13.0000,569115704226
19/02/2026,AÇÃO CIVIL PÚBLICA (1ª Seção Cível),CARLOS HENRIQUE PERPETUO BRAGA - 1ª Seção Civel - Assento 19,2004622-46.2026.8.13.0000,796457345326
19/02/2026,Ação Rescisória (1ª Seção Cível),LEOPOLDO MAMELUQUE - 1ª Seção Civel - Assento 6,2004623-31.2026.8.13.0000,336974777126
19/02/2026,Ação Civil Procedimento Ordinário (1ª Seção Cível),LEOPOLDO MAMELUQUE - 1ª Seção Civel - Assento 6,2004624-16.2026.8.13.0000,737464301126
19/02/2026,AÇÃO CIVIL PÚBLICA (1ª Seção Cível),CARLOS AUGUSTO DE BARROS LEVENHAGEN - 1ª Seção Civel - Assento 5,2004625-98.2026.8.13.0000,319286329726
19/02/2026,Ação Civil Procedimento Ordinário (1ª Seção Cível),CARLOS HENRIQUE PERPETUO BRAGA - 1ª Seção Civel - Assento 19,2004626-83.2026.8.13.0000,264036148726
19/02/2026,Ação Rescisória (1ª Seção Cível),MARIA CRISTINA CUNHA CARVALHAIS - 1ª Seção Civel - Assento 2,2004627-68.2026.8.13.0000,781407265926
19/02/2026,AÇÃO CIVIL PÚBLICA (1ª Seção Cível),CARLOS ROBERTO DE FARIA - 1ª Seção Civel - Assento 8,2004628-53.2026.8.13.0000,212013233126
19/02/2026,Ação Rescisória (1ª Seção Cível),CARLOS HENRIQUE PERPETUO BRAGA - 1ª Seção Civel - Assento 19,2004629-38.2026.8.13.0000,410239046026
19/02/2026,Ação Civil Procedimento Ordinário (1ª Seção Cível),CARLOS ROBERTO DE FARIA - 1ª Seção Civel - Assento 8,2004633-75.2026.8.13.0000,981912665226
19/02/2026,AÇÃO CIVIL PÚBLICA (1ª Seção Cível),MARIA CRISTINA CUNHA CARVALHAIS - 1ª Seção Civel - Assento 2,2004634-60.2026.8.13.0000,923694244126
19/02/2026,Ação Rescisória (1ª Seção Cível),ROBERTO APOLINARIO DE CASTRO - 1ª Seção Civel - Assento 4,2004635-45.2026.8.13.0000,270044976726
19/02/2026,Ação Civil Procedimento Ordinário (1ª Seção Cível),LEOPOLDO MAMELUQUE - 1ª Seção Civel - Assento 6,2004636-30.2026.8.13.0000,441711033426
19/02/2026,AÇÃO CIVIL PÚBLICA (1ª Seção Cível),MAURICIO TORRES SOARES - 1ª Seção Civel - Assento 3,2004637-15.2026.8.13.0000,457315366326
19/02/2026,Ação Rescisória (1ª Seção Cível),WILSON DE ALMEIDA BENEVIDES - 1ª Seção Civel - Assento 7,2004638-97.2026.8.13.0000,520848473626
19/02/2026,Ação Civil Procedimento Ordinário (1ª Seção Cível),MAURICIO TORRES SOARES - 1ª Seção Civel - Assento 3,2004639-82.2026.8.13.0000,960576824026
19/02/2026,AÇÃO CIVIL PÚBLICA (1ª Seção Cível),CARLOS ROBERTO DE FARIA - 1ª Seção Civel - Assento 8,2004640-67.2026.8.13.0000,128739052326
19/02/2026,Ação Civil Procedimento Ordinário (1ª Seção Cível),MAURICIO TORRES SOARES - 1ª Seção Civel - Assento 3,2004641-52.2026.8.13.0000,983487201626
19/02/2026,AÇÃO CIVIL PÚBLICA (1ª Seção Cível),JULIANA CAMPOS HORTA DE ANDRADE - 1ª Seção Civel - Assento 1,2004642-37.2026.8.13.0000,788830851926
19/02/2026,Ação Rescisória (1ª Seção Cível),CARLOS AUGUSTO DE BARROS LEVENHAGEN - 1ª Seção Civel - Assento 5,2004643-22.2026.8.13.0000,908298448426
19/02/2026,Ação Civil Procedimento Ordinário (1ª Seção Cível),WILSON DE ALMEIDA BENEVIDES - 1ª Seção Civel - Assento 7,2004644-07.2026.8.13.0000,348475788226
19/02/2026,AÇÃO CIVIL PÚBLICA (1ª Seção Cível),WILSON DE ALMEIDA BENEVIDES - 1ª Seção Civel - Assento 7,2004645-89.2026.8.13.0000,507067301526
19/02/2026,Ação Rescisória (1ª Seção Cível),CARLOS HENRIQUE PERPETUO BRAGA - 1ª Seção Civel - Assento 19,2004646-74.2026.8.13.0000,243727478126
20/02/2026,Ação Civil Procedimento Ordinário (1ª Seção Cível),CARLOS HENRIQUE PERPETUO BRAGA - 1ª Seção Civel - Assento 19,2004650-14.2026.8.13.0000,352685508226
20/02/2026,AÇÃO CIVIL PÚBLICA (1ª Seção Cível),MAURICIO TORRES SOARES - 1ª Seção Civel - Assento 3,2004651-96.2026.8.13.0000,621677575126
20/02/2026,Ação Rescisória (1ª Seção Cível),MARIA CRISTINA CUNHA CARVALHAIS - 1ª Seção Civel - Assento 2,2004652-81.2026.8.13.0000,140001618526
20/02/2026,Ação Civil Procedimento Ordinário (1ª Seção Cível),JULIANA CAMPOS HORTA DE ANDRADE - 1ª Seção Civel - Assento 1,2004653-66.2026.8.13.0000,650679736726
20/02/2026,AÇÃO CIVIL PÚBLICA (1ª Seção Cível),ROBERTO APOLINARIO DE CASTRO - 1ª Seção Civel - Assento 4,2004654-51.2026.8.13.0000,514365438626
20/02/2026,Ação Rescisória (1ª Seção Cível),CARLOS AUGUSTO DE BARROS LEVENHAGEN - 1ª Seção Civel - Assento 5,2004655-36.2026.8.13.0000,355267076826
20/02/2026,Ação Civil Procedimento Ordinário (1ª Seção Cível),WILSON DE ALMEIDA BENEVIDES - 1ª Seção Civel - Assento 7,2004656-21.2026.8.13.0000,197439240426
20/02/2026,AÇÃO CIVIL PÚBLICA (1ª Seção Cível),MAURICIO TORRES SOARES - 1ª Seção Civel - Assento 3,2004657-06.2026.8.13.0000,825709867126
20/02/2026,Ação Rescisória (1ª Seção Cível),JULIANA CAMPOS HORTA DE ANDRADE - 1ª Seção Civel - Assento 1,2004658-88.2026.8.13.0000,459600150726
20/02/2026,Ação Civil Procedimento Ordinário (1ª Seção Cível),CARLOS AUGUSTO DE BARROS LEVENHAGEN - 1ª Seção Civel - Assento 5,2004663-13.2026.8.13.0000,947466279226
20/02/2026,AÇÃO CIVIL PÚBLICA (1ª Seção Cível),CARLOS AUGUSTO DE BARROS LEVENHAGEN - 1ª Seção Civel - Assento 5,2004664-95.2026.8.13.0000,997834858926
20/02/2026,Ação Rescisória (1ª Seção Cível),MAURICIO TORRES SOARES - 1ª Seção Civel - Assento 3,2004665-80.2026.8.13.0000,861192276026
20/02/2026,Ação Civil Procedimento Ordinário (1ª Seção Cível),CARLOS AUGUSTO DE BARROS LEVENHAGEN - 1ª Seção Civel - Assento 5,2004666-65.2026.8.13.0000,480870364026
20/02/2026,AÇÃO CIVIL PÚBLICA (1ª Seção Cível),CARLOS HENRIQUE PERPETUO BRAGA - 1ª Seção Civel - Assento 19,2004667-50.2026.8.13.0000,888616514726
20/02/2026,Ação Rescisória (1ª Seção Cível),CARLOS ROBERTO DE FARIA - 1ª Seção Civel - Assento 8,2004668-35.2026.8.13.0000,589407159526
24/02/2026,Ação Civil Procedimento Ordinário (1ª Seção Cível),MARIA CRISTINA CUNHA CARVALHAIS - 1ª Seção Civel - Assento 2,2004705-62.2026.8.13.0000,421792719626
24/02/2026,AÇÃO CIVIL PÚBLICA (1ª Seção Cível),LEOPOLDO MAMELUQUE - 1ª Seção Civel - Assento 6,2004706-47.2026.8.13.0000,197588939926
24/02/2026,Ação Civil Procedimento Ordinário (1ª Seção Cível),JULIANA CAMPOS HORTA DE ANDRADE - 1ª Seção Civel - Assento 1,2004707-32.2026.8.13.0000,695309016026
24/02/2026,AÇÃO CIVIL PÚBLICA (1ª Seção Cível),ROBERTO APOLINARIO DE CASTRO - 1ª Seção Civel - Assento 4,2004708-17.2026.8.13.0000,393756806426
24/02/2026,Ação Rescisória (1ª Seção Cível),MAURICIO TORRES SOARES - 1ª Seção Civel - Assento 3,2004709-02.2026.8.13.0000,839330058226
24/02/2026,Ação Civil Procedimento Ordinário (1ª Seção Cível),CARLOS AUGUSTO DE BARROS LEVENHAGEN - 1ª Seção Civel - Assento 5,2004710-84.2026.8.13.0000,985003715326
24/02/2026,AÇÃO CIVIL PÚBLICA (1ª Seção Cível),JULIANA CAMPOS HORTA DE ANDRADE - 1ª Seção Civel - Assento 1,2004711-69.2026.8.13.0000,862645782926
24/02/2026,Ação Rescisória (1ª Seção Cível),CARLOS HENRIQUE PERPETUO BRAGA - 1ª Seção Civel - Assento 19,2004712-54.2026.8.13.0000,634023240126
24/02/2026,Conflito de competência cível (1ª Seção Cível),MARCOS LINCOLN DOS SANTOS - 1ª Seção Civel - 1º Vice-Presidência,2004713-39.2026.8.13.0000,314732789326
24/02/2026,Cumprimento de sentença (1ª Seção Cível),JULIANA CAMPOS HORTA DE ANDRADE - 1ª Seção Civel - Assento 1,2004714-24.2026.8.13.0000,121135987226
24/02/2026,Ação Civil Procedimento Ordinário (1ª Seção Cível),JULIANA CAMPOS HORTA DE ANDRADE - 1ª Seção Civel - Assento 1,2004715-09.2026.8.13.0000,129771078526
24/02/2026,AÇÃO CIVIL PÚBLICA (1ª Seção Cível),WILSON DE ALMEIDA BENEVIDES - 1ª Seção Civel - Assento 7,2004716-91.2026.8.13.0000,941523436926
24/02/2026,Ação Rescisória (1ª Seção Cível),WILSON DE ALMEIDA BENEVIDES - 1ª Seção Civel - Assento 7,2004717-76.2026.8.13.0000,137927340826
24/02/2026,Conflito de competência cível (1ª Seção Cível),MARCOS LINCOLN DOS SANTOS - 1ª Seção Civel - 1º Vice-Presidência,2004718-61.2026.8.13.0000,562224224026
24/02/2026,Cumprimento de sentença (1ª Seção Cível),JULIANA CAMPOS HORTA DE ANDRADE - 1ª Seção Civel - Assento 1,2004719-46.2026.8.13.0000,492064733826
24/02/2026,Ação Civil Procedimento Ordinário (1ª Seção Cível),MARIA CRISTINA CUNHA CARVALHAIS - 1ª Seção Civel - Assento 2,2004720-31.2026.8.13.0000,289719915126
24/02/2026,AÇÃO CIVIL PÚBLICA (1ª Seção Cível),MARIA CRISTINA CUNHA CARVALHAIS - 1ª Seção Civel - Assento 2,2004721-16.2026.8.13.0000,309599775226
24/02/2026,Ação Rescisória (1ª Seção Cível),JULIANA CAMPOS HORTA DE ANDRADE - 1ª Seção Civel - Assento 1,2004722-98.2026.8.13.0000,195249720126
24/02/2026,Conflito de competência cível (1ª Seção Cível),MARCOS LINCOLN DOS SANTOS - 1ª Seção Civel - 1º Vice-Presidência,2004723-83.2026.8.13.0000,916607823526
24/02/2026,Cumprimento de sentença (1ª Seção Cível),JULIANA CAMPOS HORTA DE ANDRADE - 1ª Seção Civel - Assento 1,2004724-68.2026.8.13.0000,630688235826
24/02/2026,Ação Civil Procedimento Ordinário (1ª Seção Cível),CARLOS HENRIQUE PERPETUO BRAGA - 1ª Seção Civel - Assento 19,2004725-53.2026.8.13.0000,367217174326
24/02/2026,AÇÃO CIVIL PÚBLICA (1ª Seção Cível),CARLOS AUGUSTO DE BARROS LEVENHAGEN - 1ª Seção Civel - Assento 5,2004726-38.2026.8.13.0000,142814263226
24/02/2026,Ação Rescisória (1ª Seção Cível),CARLOS AUGUSTO DE BARROS LEVENHAGEN - 1ª Seção Civel - Assento 5,2004727-23.2026.8.13.0000,415944957426
24/02/2026,Conflito de competência cível (1ª Seção Cível),MARCOS LINCOLN DOS SANTOS - 1ª Seção Civel - 1º Vice-Presidência,2004728-08.2026.8.13.0000,663577199826
24/02/2026,Cumprimento de sentença (1ª Seção Cível),JULIANA CAMPOS HORTA DE ANDRADE - 1ª Seção Civel - Assento 1,2004729-90.2026.8.13.0000,754061899726
24/02/2026,Dissídio Coletivo de Greve (1ª Seção Cível),LEOPOLDO MAMELUQUE - 1ª Seção Civel - Assento 6,2004730-75.2026.8.13.0000,607084388826
24/02/2026,Incidente de Assunçao de Competencia (1ª Seção Cível),LEOPOLDO MAMELUQUE - 1ª Seção Civel - Assento 6,2004731-60.2026.8.13.0000,388591519126
24/02/2026,Incidente de Impedimento Cível (1ª Seção Cível),JULIANA CAMPOS HORTA DE ANDRADE - 1ª Seção Civel - Assento 1,2004732-45.2026.8.13.0000,215290459826
24/02/2026,Incidente de Resoluçao de Demandas Repetitivas (1ª Seção Cível),WILSON DE ALMEIDA BENEVIDES - 1ª Seção Civel - Assento 7,2004733-30.2026.8.13.0000,128848845326
24/02/2026,Ação Civil Procedimento Ordinário (1ª Seção Cível),LEOPOLDO MAMELUQUE - 1ª Seção Civel - Assento 6,2004737-67.2026.8.13.0000,418313356826
24/02/2026,Ação Civil Procedimento Ordinário (1ª Seção Cível),ROBERTO APOLINARIO DE CASTRO - 1ª Seção Civel - Assento 4,2004738-52.2026.8.13.0000,301917138026
24/02/2026,AÇÃO CIVIL PÚBLICA (1ª Seção Cível),MARIA CRISTINA CUNHA CARVALHAIS - 1ª Seção Civel - Assento 2,2004739-37.2026.8.13.0000,852955086426
24/02/2026,Ação Rescisória (1ª Seção Cível),MARIA CRISTINA CUNHA CARVALHAIS - 1ª Seção Civel - Assento 2,2004740-22.2026.8.13.0000,773744601126
24/02/2026,Conflito de competência cível (1ª Seção Cível),MARCOS LINCOLN DOS SANTOS - 1ª Seção Civel - 1º Vice-Presidência,2004741-07.2026.8.13.0000,446439655126
24/02/2026,Cumprimento de sentença (1ª Seção Cível),JULIANA CAMPOS HORTA DE ANDRADE - 1ª Seção Civel - Assento 1,2004742-89.2026.8.13.0000,850739331326
24/02/2026,Ação Civil Procedimento Ordinário (1ª Seção Cível),WILSON DE ALMEIDA BENEVIDES - 1ª Seção Cível - Assento 7,2004743-74.2026.8.13.0000,431413594526
24/02/2026,AÇÃO CIVIL PÚBLICA (1ª Seção Cível),JULIANA CAMPOS HORTA DE ANDRADE - 1ª Seção Cível - Assento 1,2004744-59.2026.8.13.0000,134124324726
24/02/2026,Ação Rescisória (1ª Seção Cível),JULIANA CAMPOS HORTA DE ANDRADE - 1ª Seção Cível - Assento 1,2004745-44.2026.8.13.0000,753610698526
24/02/2026,Conflito de competência cível (1ª Seção Cível),MARCOS LINCOLN DOS SANTOS - 1ª Seção Cível - 1º Vice-Presidência,2004746-29.2026.8.13.0000,842945521926
24/02/2026,Cumprimento de sentença (1ª Seção Cível),JULIANA CAMPOS HORTA DE ANDRADE - 1ª Seção Cível - Assento 1,2004747-14.2026.8.13.0000,682708379826
24/02/2026,Dissídio Coletivo de Greve (1ª Seção Cível),JULIANA CAMPOS HORTA DE ANDRADE - 1ª Seção Cível - Assento 1,2004748-96.2026.8.13.0000,143995768926
24/02/2026,Incidente de Assunçao de Competencia (1ª Seção Cível),CARLOS AUGUSTO DE BARROS LEVENHAGEN - 1ª Seção Cível - Assento 5,2004749-81.2026.8.13.0000,325816314626
24/02/2026,Incidente de Impedimento Cível (1ª Seção Cível),JULIANA CAMPOS HORTA DE ANDRADE - 1ª Seção Cível - Assento 1,2004750-66.2026.8.13.0000,104340916526
24/02/2026,Incidente de Resoluçao de Demandas Repetitivas (1ª Seção Cível),CARLOS HENRIQUE PERPETUO BRAGA - 1ª Seção Cível - Assento 19,2004751-51.2026.8.13.0000,160473448726
24/02/2026,Ação Civil Procedimento Ordinário (1ª Seção Cível),CARLOS ROBERTO DE FARIA - 1ª Seção Cível - Assento 8,2004752-36.2026.8.13.0000,508429747626
24/02/2026,AÇÃO CIVIL PÚBLICA (1ª Seção Cível),WILSON DE ALMEIDA BENEVIDES - 1ª Seção Cível - Assento 7,2004753-21.2026.8.13.0000,190258536926
24/02/2026,Ação Rescisória (1ª Seção Cível),CARLOS ROBERTO DE FARIA - 1ª Seção Cível - Assento 8,2004754-06.2026.8.13.0000,256665711926
24/02/2026,Conflito de competência cível (1ª Seção Cível),MARCOS LINCOLN DOS SANTOS - 1ª Seção Cível - 1º Vice-Presidência,2004756-73.2026.8.13.0000,484642241826
24/02/2026,Cumprimento de sentença (1ª Seção Cível),JULIANA CAMPOS HORTA DE ANDRADE - 1ª Seção Cível - Assento 1,2004757-58.2026.8.13.0000,756648741926
24/02/2026,Dissídio Coletivo de Greve (1ª Seção Cível),JULIANA CAMPOS HORTA DE ANDRADE - 1ª Seção Cível - Assento 1,2004758-43.2026.8.13.0000,496627515326
24/02/2026,Incidente de Assunçao de Competencia (1ª Seção Cível),ROBERTO APOLINARIO DE CASTRO - 1ª Seção Cível - Assento 4,2004759-28.2026.8.13.0000,987973641326
24/02/2026,Incidente de Impedimento Cível (1ª Seção Cível),JULIANA CAMPOS HORTA DE ANDRADE - 1ª Seção Cível - Assento 1,2004760-13.2026.8.13.0000,409773048726
24/02/2026,Incidente de Resoluçao de Demandas Repetitivas (1ª Seção Cível),ROBERTO APOLINARIO DE CASTRO - 1ª Seção Cível - Assento 4,2004761-95.2026.8.13.0000,891018419326
24/02/2026,Ação Civil Procedimento Ordinário (1ª Seção Cível),MAURICIO TORRES SOARES - 1ª Seção Cível - Assento 3,2004762-80.2026.8.13.0000,341349723826
24/02/2026,AÇÃO CIVIL PÚBLICA (1ª Seção Cível),MAURICIO TORRES SOARES - 1ª Seção Cível - Assento 3,2004763-65.2026.8.13.0000,182285012826
24/02/2026,Ação Rescisória (1ª Seção Cível),CARLOS HENRIQUE PERPETUO BRAGA - 1ª Seção Cível - Assento 19,2004764-50.2026.8.13.0000,187057011426
24/02/2026,Conflito de competência cível (1ª Seção Cível),MARCOS LINCOLN DOS SANTOS - 1ª Seção Cível - 1º Vice-Presidência,2004765-35.2026.8.13.0000,221821033326
24/02/2026,Cumprimento de sentença (1ª Seção Cível),JULIANA CAMPOS HORTA DE ANDRADE - 1ª Seção Cível - Assento 1,2004766-20.2026.8.13.0000,428049776926
24/02/2026,Dissídio Coletivo de Greve (1ª Seção Cível),JULIANA CAMPOS HORTA DE ANDRADE - 1ª Seção Cível - Assento 1,2004767-05.2026.8.13.0000,642588414826
24/02/2026,Incidente de Assunçao de Competencia (1ª Seção Cível),CARLOS ROBERTO DE FARIA - 1ª Seção Cível - Assento 8,2004768-87.2026.8.13.0000,599972231426
24/02/2026,Incidente de Impedimento Cível (1ª Seção Cível),JULIANA CAMPOS HORTA DE ANDRADE - 1ª Seção Cível - Assento 1,2004769-72.2026.8.13.0000,990623003926
24/02/2026,Incidente de Resoluçao de Demandas Repetitivas (1ª Seção Cível),JULIANA CAMPOS HORTA DE ANDRADE - 1ª Seção Cível - Assento 1,2004770-57.2026.8.13.0000,957775729826
24/02/2026,Mandado de Segurança Cível (1ª Seção Cível),MARIA CRISTINA CUNHA CARVALHAIS - 1ª Seção Cível - Assento 2,2004771-42.2026.8.13.0000,317839469626
24/02/2026,Mandado de Segurança Coletivo - Cível (1ª Seção Cível),MARIA CRISTINA CUNHA CARVALHAIS - 1ª Seção Cível - Assento 2,2004772-27.2026.8.13.0000,163635813026
24/02/2026,Petição Cível (1ª Seção Cível),JULIANA CAMPOS HORTA DE ANDRADE - 1ª Seção Cível - Assento 1,2004773-12.2026.8.13.0000,160388952226
24/02/2026,Reclamação (1ª Seção Cível),MAURICIO TORRES SOARES - 1ª Seção Cível - Assento 3,2004774-94.2026.8.13.0000,864320152726
24/02/2026,Ação Civil Procedimento Ordinário (1ª Seção Cível),CARLOS ROBERTO DE FARIA - 1ª Seção Cível - Assento 8,2004775-79.2026.8.13.0000,510023338526
24/02/2026,AÇÃO CIVIL PÚBLICA (1ª Seção Cível),CARLOS ROBERTO DE FARIA - 1ª Seção Cível - Assento 8,2004776-64.2026.8.13.0000,273653363526
24/02/2026,Ação Rescisória (1ª Seção Cível),CARLOS AUGUSTO DE BARROS LEVENHAGEN - 1ª Seção Cível - Assento 5,2004777-49.2026.8.13.0000,155669591226
24/02/2026,Conflito de competência cível (1ª Seção Cível),MARCOS LINCOLN DOS SANTOS - 1ª Seção Cível - 1º Vice-Presidência,2004778-34.2026.8.13.0000,745958403326
24/02/2026,Cumprimento de sentença (1ª Seção Cível),JULIANA CAMPOS HORTA DE ANDRADE - 1ª Seção Cível - Assento 1,2004779-19.2026.8.13.0000,791396448026
24/02/2026,Dissídio Coletivo de Greve (1ª Seção Cível),JULIANA CAMPOS HORTA DE ANDRADE - 1ª Seção Cível - Assento 1,2004780-04.2026.8.13.0000,510437508326
24/02/2026,Incidente de Assunçao de Competencia (1ª Seção Cível),CARLOS HENRIQUE PERPETUO BRAGA - 1ª Seção Cível - Assento 19,2004781-86.2026.8.13.0000,525413341326
24/02/2026,Incidente de Impedimento Cível (1ª Seção Cível),JULIANA CAMPOS HORTA DE ANDRADE - 1ª Seção Cível - Assento 1,2004782-71.2026.8.13.0000,590263601826
24/02/2026,Incidente de Resoluçao de Demandas Repetitivas (1ª Seção Cível),CARLOS ROBERTO DE FARIA - 1ª Seção Cível - Assento 8,2004783-56.2026.8.13.0000,256462321426
24/02/2026,Ação Civil Procedimento Ordinário (1ª Seção Cível),JULIANA CAMPOS HORTA DE ANDRADE - 1ª Seção Cível - Assento 1,2004784-41.2026.8.13.0000,221415569026
24/02/2026,AÇÃO CIVIL PÚBLICA (1ª Seção Cível),ROBERTO APOLINARIO DE CASTRO - 1ª Seção Cível - Assento 4,2004785-26.2026.8.13.0000,621308424626
24/02/2026,Ação Rescisória (1ª Seção Cível),MAURICIO TORRES SOARES - 1ª Seção Cível - Assento 3,2004786-11.2026.8.13.0000,192038451326
24/02/2026,Conflito de competência cível (1ª Seção Cível),MARCOS LINCOLN DOS SANTOS - 1ª Seção Cível - 1º Vice-Presidência,2004787-93.2026.8.13.0000,867460660326
24/02/2026,Cumprimento de sentença (1ª Seção Cível),JULIANA CAMPOS HORTA DE ANDRADE - 1ª Seção Cível - Assento 1,2004788-78.2026.8.13.0000,552226004426
24/02/2026,Dissídio Coletivo de Greve (1ª Seção Cível),JULIANA CAMPOS HORTA DE ANDRADE - 1ª Seção Cível - Assento 1,2004789-63.2026.8.13.0000,212709448326
24/02/2026,Incidente de Assunçao de Competencia (1ª Seção Cível),JULIANA CAMPOS HORTA DE ANDRADE - 1ª Seção Cível - Assento 1,2004790-48.2026.8.13.0000,977858120826
24/02/2026,Incidente de Impedimento Cível (1ª Seção Cível),JULIANA CAMPOS HORTA DE ANDRADE - 1ª Seção Cível - Assento 1,2004791-33.2026.8.13.0000,810687827226
24/02/2026,Incidente de Resoluçao de Demandas Repetitivas (1ª Seção Cível),LEOPOLDO MAMELUQUE - 1ª Seção Cível - Assento 6,2004792-18.2026.8.13.0000,756620981726
24/02/2026,Mandado de Segurança Cível (1ª Seção Cível),MAURICIO TORRES SOARES - 1ª Seção Cível - Assento 3,2004793-03.2026.8.13.0000,225173825426
24/02/2026,Mandado de Segurança Coletivo - Cível (1ª Seção Cível),CARLOS HENRIQUE PERPETUO BRAGA - 1ª Seção Cível - Assento 19,2004794-85.2026.8.13.0000,415876748426
24/02/2026,Petição Cível (1ª Seção Cível),JULIANA CAMPOS HORTA DE ANDRADE - 1ª Seção Cível - Assento 1,2004795-70.2026.8.13.0000,747261276426
24/02/2026,Reclamação (1ª Seção Cível),MAURICIO TORRES SOARES - 1ª Seção Cível - Assento 3,2004796-55.2026.8.13.0000,777317217126
24/02/2026,Tutela Antecipada Antecedente (1ª Seção Cível),CARLOS HENRIQUE PERPETUO BRAGA - 1ª Seção Cível - Assento 19,2004797-40.2026.8.13.0000,594143101526
24/02/2026,Tutela Cautelar Antecedente (1ª Seção Cível),MARIA CRISTINA CUNHA CARVALHAIS - 1ª Seção Cível - Assento 2,2004798-25.2026.8.13.0000,950199238226
24/02/2026,Ação Civil Procedimento Ordinário (1ª Seção Cível),LEOPOLDO MAMELUQUE - 1ª Seção Cível - Assento 6,2004800-92.2026.8.13.0000,872828005526
24/02/2026,AÇÃO CIVIL PÚBLICA (1ª Seção Cível),ROBERTO APOLINARIO DE CASTRO - 1ª Seção Cível - Assento 4,2004801-77.2026.8.13.0000,690907646526
24/02/2026,Ação Rescisória (1ª Seção Cível),JULIANA CAMPOS HORTA DE ANDRADE - 1ª Seção Cível - Assento 1,2004802-62.2026.8.13.0000,538008527726
24/02/2026,Conflito de competência cível (1ª Seção Cível),MARCOS LINCOLN DOS SANTOS - 1ª Seção Cível - 1º Vice-Presidência,2004803-47.2026.8.13.0000,949854702626
24/02/2026,Cumprimento de sentença (1ª Seção Cível),JULIANA CAMPOS HORTA DE ANDRADE - 1ª Seção Cível - Assento 1,2004804-32.2026.8.13.0000,984208919426
24/02/2026,Dissídio Coletivo de Greve (1ª Seção Cível),JULIANA CAMPOS HORTA DE ANDRADE - 1ª Seção Cível - Assento 1,2004805-17.2026.8.13.0000,803195211526
24/02/2026,Incidente de Assunçao de Competencia (1ª Seção Cível),MAURICIO TORRES SOARES - 1ª Seção Cível - Assento 3,2004806-02.2026.8.13.0000,128548954326
24/02/2026,Incidente de Impedimento Cível (1ª Seção Cível),JULIANA CAMPOS HORTA DE ANDRADE - 1ª Seção Cível - Assento 1,2004807-84.2026.8.13.0000,493848069326
24/02/2026,Incidente de Resoluçao de Demandas Repetitivas (1ª Seção Cível),JULIANA CAMPOS HORTA DE ANDRADE - 1ª Seção Cível - Assento 1,2004808-69.2026.8.13.0000,646149962326
24/02/2026,Mandado de Segurança Cível (1ª Seção Cível),CARLOS ROBERTO DE FARIA - 1ª Seção Cível - Assento 8,2004809-54.2026.8.13.0000,824888010826
24/02/2026,Mandado de Segurança Coletivo - Cível (1ª Seção Cível),JULIANA CAMPOS HORTA DE ANDRADE - 1ª Seção Cível - Assento 1,2004810-39.2026.8.13.0000,200388102526
24/02/2026,Petição Cível (1ª Seção Cível),JULIANA CAMPOS HORTA DE ANDRADE - 1ª Seção Cível - Assento 1,2004811-24.2026.8.13.0000,363214030226
24/02/2026,Reclamação (1ª Seção Cível),MAURICIO TORRES SOARES - 1ª Seção Cível - Assento 3,2004812-09.2026.8.13.0000,501264030926
24/02/2026,Tutela Antecipada Antecedente (1ª Seção Cível),JULIANA CAMPOS HORTA DE ANDRADE - 1ª Seção Cível - Assento 1,2004813-91.2026.8.13.0000,768168102326
24/02/2026,Tutela Cautelar Antecedente (1ª Seção Cível),JULIANA CAMPOS HORTA DE ANDRADE - 1ª Seção Cível - Assento 1,2004814-76.2026.8.13.0000,762850592426
26/02/2026,Conflito de competência cível (1ª Seção Cível),MARCOS LINCOLN DOS SANTOS - 1ª Seção Cível - 1º Vice-Presidência,2004878-86.2026.8.13.0000,905725374626
26/02/2026,Ação Civil Procedimento Ordinário (2ª Seção Cível),MONICA LIBANIO ROCHA BRETAS - 2ª Seção Cível - Assento 11,2004883-11.2026.8.13.0000,154103762926
26/02/2026,AÇÃO CIVIL PÚBLICA (2ª Seção Cível),LUIZ GONZAGA SILVEIRA SOARES - 2ª Seção Cível - Assento 20,2004884-93.2026.8.13.0000,927206818426
26/02/2026,Ação Rescisória (2ª Seção Cível),NARCISO ALVARENGA MONTEIRO DE CASTRO - 2ª Seção Cível - Assento 15,2004885-78.2026.8.13.0000,681563079826
26/02/2026,Conflito de competência cível (2ª Seção Cível),MARCOS LINCOLN DOS SANTOS - 2ª Seção Cível - 1º Vice-Presidência,2004886-63.2026.8.13.0000,792994323626
26/02/2026,Cumprimento de sentença (2ª Seção Cível),NARCISO ALVARENGA MONTEIRO DE CASTRO - 2ª Seção Cível - Assento 15,2004887-48.2026.8.13.0000,279888896126
26/02/2026,Dissídio Coletivo de Greve (2ª Seção Cível),MONICA LIBANIO ROCHA BRETAS - 2ª Seção Cível - Assento 11,2004888-33.2026.8.13.0000,111720876126
26/02/2026,Incidente de Assunçao de Competencia (2ª Seção Cível),SERGIO ANDRE DA FONSECA XAVIER - 2ª Seção Cível - Assento 18,2004889-18.2026.8.13.0000,975921053026
26/02/2026,Incidente de Impedimento Cível (2ª Seção Cível),JOSE AMERICO MARTINS DA COSTA - 2ª Seção Cível - Assento 12,2004890-03.2026.8.13.0000,295365432526
26/02/2026,Incidente de Resoluçao de Demandas Repetitivas (2ª Seção Cível),LUIZ GONZAGA SILVEIRA SOARES - 2ª Seção Cível - Assento 20,2004891-85.2026.8.13.0000,442632426726
26/02/2026,Mandado de Segurança Cível (2ª Seção Cível),EVANDRO LOPES DA COSTA TEIXEIRA - 2ª Seção Cível - Assento 17,2004892-70.2026.8.13.0000,656650037426
26/02/2026,Mandado de Segurança Coletivo - Cível (2ª Seção Cível),JOSE AMERICO MARTINS DA COSTA - 2ª Seção Cível - Assento 12,2004893-55.2026.8.13.0000,153638132926
05/03/2026,Conflito de competência cível (1ª Seção Cível),MARCOS LINCOLN DOS SANTOS - 1ª Seção Cível - 1º Vice-Presidência,2004957-65.2026.8.13.0000,126233857326
05/03/2026,Conflito de competência cível (1ª Seção Cível),MARCOS LINCOLN DOS SANTOS - 1ª Seção Cível - 1º Vice-Presidência,2004958-50.2026.8.13.0000,204352633626
05/03/2026,Conflito de competência cível (2ª Seção Cível),MARCOS LINCOLN DOS SANTOS - 2ª Seção Cível - 1º Vice-Presidência,2004959-35.2026.8.13.0000,376414274426
